1,google.com
2,facebook.com
3,youtube.com
4,netflix.com
5,microsoft.com
6,twitter.com
7,amazon.com
8,tmall.com
9,instagram.com
10,linkedin.com
11,apple.com
12,qq.com
13,wikipedia.org
14,baidu.com
15,yahoo.com
16,sohu.com
17,live.com
18,doubleclick.net
19,wikipedia.com
20,adobe.com
21,windowsupdate.com
22,taobao.com
23,yelp.com
24,googletagmanager.com
25,pinterest.com
26,giphy.com
27,blogspot.com
28,360.cn
29,jd.com
30,youtu.be
31,weibo.com
32,vimeo.com
33,bing.com
34,msn.com
35,fandom.com
36,reddit.com
37,wordpress.com
38,sina.com.cn
39,github.com
40,dailymail.co.uk
41,amazonaws.com
42,goo.gl
43,vk.com
44,googleusercontent.com
45,google-analytics.com
46,bit.ly
47,buzzfeed.com
48,office.com
49,xinhuanet.com
50,quizlet.com
51,ebay.com
52,tumblr.com
53,skype.com
54,espn.com
55,mozilla.org
56,wordpress.org
57,godaddy.com
58,realtor.com
59,okezone.com
60,nytimes.com
61,flickr.com
62,dropbox.com
63,imgur.com
64,microsoftonline.com
65,bongacams.com
66,soundcloud.com
67,alipay.com
68,yahoo.co.jp
69,gravatar.com
70,macromedia.com
71,csdn.net
72,cnn.com
73,apache.org
74,nih.gov
75,stackoverflow.com
76,urbandictionary.com
77,t.co
78,whatsapp.com
79,office365.com
80,medium.com
81,w3.org
82,europa.eu
83,bbc.co.uk
84,livejasmin.com
85,imdb.com
86,fbcdn.net
87,stackexchange.com
88,theguardian.com
89,sourceforge.net
90,twitch.tv
91,akamaiedge.net
92,icloud.com
93,paypal.com
94,aliexpress.com
95,google.com.hk
96,thehill.com
97,cnbc.com
98,naver.com
99,forbes.com
100,archive.org
101,spotify.com
102,cheatsheet.com
103,ytimg.com
104,panda.tv
105,bbc.com
106,zhanqi.tv
107,google.co.in
108,walmart.com
109,slideshare.net
110,weebly.com
111,indeed.com
112,yandex.ru
113,whitepages.com
114,myshopify.com
115,amazon.co.jp
116,china.com.cn
117,digicert.com
118,goodreads.com
119,glassdoor.com
120,googleadservices.com
121,tianya.cn
122,wixsite.com
123,googlesyndication.com
124,php.net
125,bustle.com
126,cloudflare.com
127,github.io
128,tribunnews.com
129,gfycat.com
130,creativecommons.org
131,booking.com
132,mama.cn
133,businessinsider.com
134,issuu.com
135,oracle.com
136,amazon.in
137,washingtonpost.com
138,ok.ru
139,go.com
140,googlevideo.com
141,wix.com
142,reuters.com
143,weather.com
144,people.com
145,pornhub.com
146,akadns.net
147,mail.ru
148,amazon.co.uk
149,nflxso.net
150,wsj.com
151,wikimedia.org
152,windows.net
153,cnet.com
154,gnu.org
155,harvard.edu
156,google.co.jp
157,huanqiu.com
158,tinyurl.com
159,google.de
160,hp.com
161,mit.edu
162,google.com.br
163,worldlifestyle.com
164,wellsfargo.com
165,domainmarket.com
166,opera.com
167,aol.com
168,zillow.com
169,bloomberg.com
170,amazon.de
171,sciencedirect.com
172,virginmedia.com
173,ggpht.com
174,ibm.com
175,alibaba.com
176,buzzfeednews.com
177,etsy.com
178,wp.com
179,yy.com
180,dailymotion.com
181,theverge.com
182,stanford.edu
183,researchgate.net
184,so.com
185,163.com
186,eventbrite.com
187,soso.com
188,app-measurement.com
189,bilibili.com
190,google.co.uk
191,ranker.com
192,xvideos.com
193,aparat.com
194,legacy.com
195,outlook.com
196,facebook.net
197,17ok.com
198,detik.com
199,hulu.com
200,blogger.com
201,google.fr
202,youtube-nocookie.com
203,telegraph.co.uk
204,samsung.com
205,wired.com
206,addthis.com
207,cdc.gov
208,hao123.com
209,hugedomains.com
210,indiatimes.com
211,cpanel.net
212,apple-dns.net
213,huffingtonpost.com
214,nflximg.com
215,who.int
216,rakuten.co.jp
217,scribd.com
218,sogou.com
219,usatoday.com
220,youku.com
221,google.it
222,google.es
223,myspace.com
224,mysql.com
225,ettoday.net
226,google.ru
227,jrj.com.cn
228,shutterstock.com
229,force.com
230,aaplimg.com
231,babytree.com
232,surveymonkey.com
233,wayfair.com
234,wiley.com
235,slate.com
236,gvt2.com
237,vox.com
238,nasa.gov
239,instructure.com
240,msedge.net
241,crashlytics.com
242,wattpad.com
243,cpanel.com
244,wikihow.com
245,time.com
246,list-manage.com
247,duckduckgo.com
248,nature.com
249,bitly.com
250,refinery29.com
251,npr.org
252,tripadvisor.com
253,adnxs.com
254,radio.com
255,debian.org
256,globo.com
257,thekitchn.com
258,freepik.com
259,pixnet.net
260,behance.net
261,canva.com
262,sindonews.com
263,scorecardresearch.com
264,udemy.com
265,springer.com
266,marriott.com
267,drudgereport.com
268,cloudfront.net
269,taboola.com
270,ted.com
271,onlinesbi.com
272,foxnews.com
273,discordapp.com
274,un.org
275,nginx.org
276,grid.id
277,xhamster.com
278,intuit.com
279,dell.com
280,answers.com
281,nickiswift.com
282,sharepoint.com
283,amazon-adsystem.com
284,google.cn
285,1688.com
286,gmw.cn
287,amzn.to
288,free.fr
289,latimes.com
290,politico.com
291,trello.com
292,kickstarter.com
293,quora.com
294,roblox.com
295,salesforce.com
296,newyorker.com
297,flipkart.com
298,uol.com.br
299,independent.co.uk
300,berkeley.edu
301,livejournal.com
302,techcrunch.com
303,dropcatch.com
304,kompas.com
305,www.gov.uk
306,google.ca
307,healthgrades.com
308,intel.com
309,googletagservices.com
310,academia.edu
311,craigslist.org
312,thestartmagazine.com
313,wetransfer.com
314,mediafire.com
315,windows.com
316,chase.com
317,w3schools.com
318,mailchimp.com
319,gvt1.com
320,247sports.com
321,adsrvr.org
322,statcounter.com
323,demdex.net
324,android.com
325,ca.gov
326,washingtontimes.com
327,grammarly.com
328,twimg.com
329,gmail.com
330,nginx.com
331,rollingstone.com
332,rubiconproject.com
333,liputan6.com
334,nationalgeographic.com
335,beian.gov.cn
336,cornell.edu
337,akamai.net
338,akamaized.net
339,zendesk.com
340,deviantart.com
341,line.me
342,nesn.com
343,chaturbate.com
344,squarespace.com
345,ietf.org
346,moatads.com
347,ntp.org
348,thekrazycouponlady.com
349,themeforest.net
350,washington.edu
351,google.com.mx
352,criteo.com
353,about.com
354,google.com.tw
355,digg.com
356,howtogeek.com
357,doi.org
358,spanishdict.com
359,webmd.com
360,polygon.com
361,aliyun.com
362,okta.com
363,padlet.com
364,loc.gov
365,thoughtcatalog.com
366,2mdn.net
367,mercurynews.com
368,addtoany.com
369,cisco.com
370,pbs.org
371,graduatez.com
372,washingtonexaminer.com
373,gome.com.cn
374,jimdo.com
375,shopify.com
376,symantec.com
377,savefrom.net
378,gamespot.com
379,google.com.sg
380,cbsnews.com
381,redd.it
382,launchpad.net
383,daum.net
384,state.gov
385,akamaihd.net
386,variety.com
387,timeanddate.com
388,digikala.com
389,msftncsi.com
390,6.cn
391,zoom.us
392,google.com.tr
393,britannica.com
394,bandcamp.com
395,advertising.com
396,ft.com
397,healthline.com
398,theepochtimes.com
399,patreon.com
400,pubmatic.com
401,zhihu.com
402,patch.com
403,speedtest.net
404,economist.com
405,box.com
406,stumbleupon.com
407,mashable.com
408,ifeng.com
409,t.me
410,iqiyi.com
411,unsplash.com
412,mercadolivre.com.br
413,dailycaller.com
414,chinadaily.com.cn
415,sciencealert.com
416,ikea.com
417,fc2.com
418,forms.gle
419,theprimarymarket.com
420,fb.com
421,airbnb.com
422,steamcommunity.com
423,eonline.com
424,openx.net
425,theatlantic.com
426,rakuten.com
427,rlcdn.com
428,tandfonline.com
429,twentytwowords.com
430,youm7.com
431,snapchat.com
432,comicbook.com
433,cnblogs.com
434,disqus.com
435,getpocket.com
436,nbcnews.com
437,engadget.com
438,cambridge.org
439,princeton.edu
440,brainly.com
441,bidswitch.net
442,casalemedia.com
443,typepad.com
444,pinimg.com
445,avito.ru
446,steampowered.com
447,outbrain.com
448,ask.com
449,ltn.com.tw
450,newarena.com
451,vice.com
452,adp.com
453,eastday.com
454,slack.com
455,ebay.de
456,miit.gov.cn
457,amazon.ca
458,usnews.com
459,office.net
460,rednet.cn
461,azureedge.net
462,kohls.com
463,groupon.com
464,primevideo.com
465,bestbuy.com
466,ampproject.org
467,feedburner.com
468,change.org
469,akismet.com
470,cdninstagram.com
471,varzesh3.com
472,pixabay.com
473,westernjournal.com
474,evernote.com
475,ups.com
476,webs.com
477,nike.com
478,meetup.com
479,prnewswire.com
480,umich.edu
481,usda.gov
482,opendns.com
483,huffpost.com
484,pki.goog
485,columbia.edu
486,bet9ja.com
487,telegram.org
488,rt.com
489,thepiratebay.org
490,marketwatch.com
491,whatsapp.net
492,msftconnecttest.com
493,ebay.co.uk
494,noaa.gov
495,simbaly.com
496,bukalapak.com
497,amazon.fr
498,imore.com
499,bluekai.com
500,thechive.com
501,psu.edu
502,agkn.com
503,tripod.com
504,khanacademy.org
505,mozilla.com
506,hilton.com
507,irs.gov
508,plesk.com
509,cbc.ca
510,hubspot.com
511,jquery.com
512,sun.com
513,zdnet.com
514,yale.edu
515,everesttech.net
516,geocities.com
517,accuweather.com
518,51.la
519,fda.gov
520,sciencemag.org
521,tesla.com
522,wish.com
523,mega.nz
524,guardian.co.uk
525,arstechnica.com
526,messenger.com
527,psychologytoday.com
528,hotstar.com
529,cafemom.com
530,softonic.com
531,google.com.sa
532,mathtag.com
533,google.com.eg
534,krxd.net
535,breitbart.com
536,luxandlush.com
537,quantserve.com
538,xnxx.com
539,oup.com
540,msnbc.com
541,iqoption.com
542,sitemaps.org
543,yourtango.com
544,upenn.edu
545,y2mate.com
546,abc.net.au
547,whitehouse.gov
548,douban.com
549,axs.com
550,google.co.th
551,photobucket.com
552,drugs.com
553,eepurl.com
554,bhphotovideo.com
555,sagepub.com
556,hdfcbank.com
557,teamviewer.com
558,animalchannel.co
559,tapad.com
560,amazon.it
561,scol.com.cn
562,elsevier.com
563,investopedia.com
564,arnebrachhold.de
565,trustpilot.com
566,google.com.ar
567,appsflyer.com
568,nypost.com
569,chicagotribune.com
570,chouftv.ma
571,ed.gov
572,metropoles.com
573,startribune.com
574,yimg.com
575,google.co.id
576,fastcompany.com
577,consumerreports.org
578,looper.com
579,unesco.org
580,denverpost.com
581,gizmodo.com
582,verizon.com
583,purdue.edu
584,aliexpress.ru
585,youth.cn
586,constantcontact.com
587,mirror.co.uk
588,boredpanda.com
589,belk.com
590,adsafeprotected.com
591,hometalk.com
592,bet365.com
593,cars.com
594,littlethings.com
595,mymodernmet.com
596,redhat.com
597,icepop.com
598,flightaware.com
599,businesswire.com
600,wisc.edu
601,epa.gov
602,wiktionary.org
603,edmunds.com
604,abs-cbn.com
605,dailydot.com
606,vanityfair.com
607,google.pl
608,oreilly.com
609,amazon.es
610,google.com.au
611,fiverr.com
612,fortune.com
613,google.com.vn
614,setn.com
615,carfax.com
616,momoshop.com.tw
617,sfx.ms
618,ilovepdf.com
619,investing.com
620,asos.com
621,ucla.edu
622,sfgate.com
623,inverse.com
624,avast.com
625,sciencedaily.com
626,facty.com
627,hbr.org
628,bizrate.com
629,uci.edu
630,tradingview.com
631,umn.edu
632,ladbible.com
633,hootsuite.com
634,ndtv.com
635,namnak.com
636,adform.net
637,wikia.com
638,us.com
639,eater.com
640,phys.org
641,arcgis.com
642,mayoclinic.org
643,worldbank.org
644,youronlinechoices.com
645,iso.org
646,newrelic.com
647,nba.com
648,norton.com
649,target.com
650,example.com
651,www.gov.cn
652,thelist.com
653,ieee.org
654,findagrave.com
655,nvidia.com
656,prezi.com
657,hicloud.com
658,elpais.com
659,live.net
660,att.com
661,merdeka.com
662,cvs.com
663,amazon.cn
664,knowyourmeme.com
665,americanexpress.com
666,instructables.com
667,ilovemydogsomuch.tv
668,bonappetit.com
669,radaronline.com
670,thesaurus.com
671,dribbble.com
672,qz.com
673,turn.com
674,utexas.edu
675,expedia.com
676,apnews.com
677,bankofamerica.com
678,dailykos.com
679,landsend.com
680,lifewire.com
681,suara.com
682,vkontakte.ru
683,nicovideo.jp
684,hola.org
685,androidcentral.com
686,statista.com
687,zoho.com
688,icicibank.com
689,coursera.org
690,merriam-webster.com
691,fedex.com
692,ox.ac.uk
693,aboutads.info
694,fastly.net
695,entrepreneur.com
696,hotels.com
697,rambler.ru
698,criteo.net
699,verisign.com
700,letsencrypt.org
701,playstation.com
702,gofundme.com
703,cricbuzz.com
704,tokopedia.com
705,uchicago.edu
706,nbcsports.com
707,bootstrapcdn.com
708,inc.com
709,songkick.com
710,postlnk.com
711,mapquest.com
712,ameblo.jp
713,spiegel.de
714,nps.gov
715,tistory.com
716,medicalnewstoday.com
717,capitalone.com
718,lenovo.com
719,adjust.com
720,kumparan.com
721,plos.org
722,mailchi.mp
723,hollywoodreporter.com
724,livescience.com
725,51sole.com
726,cmu.edu
727,science101.com
728,networkadvertising.org
729,parallels.com
730,gamepedia.com
731,crwdcntrl.net
732,dw.com
733,smallpdf.com
734,allaboutcookies.org
735,manoramaonline.com
736,usps.com
737,chron.com
738,zend.com
739,jianshu.com
740,macrumors.com
741,sendgrid.net
742,jstor.org
743,asus.com
744,howstuffworks.com
745,sprint.com
746,python.org
747,history.com
748,cam.ac.uk
749,xfinity.com
750,lonelyplanet.com
751,exelator.com
752,romper.com
753,altervista.org
754,kayak.com
755,homedepot.com
756,indiegogo.com
757,uiuc.edu
758,typeform.com
759,spotlightstories.co
760,food52.com
761,scientificamerican.com
762,mgid.com
763,foursquare.com
764,tmz.com
765,whiskeyriff.com
766,over-blog.com
767,fidelity.com
768,cctv.com
769,uk.com
770,epicurious.com
771,google.co.kr
772,autodesk.com
773,ubuntu.com
774,ow.ly
775,ebaumsworld.com
776,op.gg
777,arxiv.org
778,definition.org
779,gstatic.com
780,bmj.com
781,newsweek.com
782,cbssports.com
783,feedly.com
784,heavy.com
785,sectigo.com
786,talktalk.co.uk
787,news.com.au
788,idntimes.com
789,astat.co.uk
790,uproxx.com
791,elegantthemes.com
792,patria.org.ve
793,alicdn.com
794,9gag.com
795,lazada.sg
796,thefreedictionary.com
797,nyu.edu
798,hotjar.com
799,house.gov
800,bbb.org
801,cbslocal.com
802,superuser.com
803,homehacks.co
804,thesun.co.uk
805,nist.gov
806,crptgate.com
807,aarp.org
808,geeksforgeeks.org
809,sberbank.ru
810,business.site
811,ufl.edu
812,gosuslugi.ru
813,edgekey.net
814,salon.com
815,southwest.com
816,bizjournals.com
817,oecd.org
818,blackboard.com
819,deloitte.com
820,ign.com
821,netscape.com
822,reverso.net
823,fb.me
824,ftc.gov
825,wa.me
826,duke.edu
827,ebay-kleinanzeigen.de
828,ajc.com
829,custhelp.com
830,barnesandnoble.com
831,blogspot.co.uk
832,pro-football-reference.com
833,ning.com
834,spotxchange.com
835,shaparak.ir
836,sbnation.com
837,kinopoisk.ru
838,google.gr
839,va.gov
840,theconversation.com
841,youdao.com
842,3lift.com
843,nextdoor.com
844,epicgames.com
845,usc.edu
846,uber.com
847,visualstudio.com
848,wunderground.com
849,biomedcentral.com
850,vogue.com
851,telewebion.com
852,overstock.com
853,usgs.gov
854,ny.gov
855,techradar.com
856,dictionary.com
857,sahibinden.com
858,icio.us
859,redfin.com
860,onelink.me
861,space.com
862,genius.com
863,google.com.ua
864,allegro.pl
865,nydailynews.com
866,doordash.com
867,mlb.com
868,doubleverify.com
869,dotomi.com
870,wideopencountry.com
871,wpengine.com
872,apple.news
873,illinois.edu
874,albawabhnews.com
875,earthlink.net
876,squareup.com
877,rare.us
878,apa.org
879,smh.com.au
880,chinanews.com
881,myjobhelper.com
882,teads.tv
883,qualtrics.com
884,syf.com
885,msu.edu
886,istockphoto.com
887,rawstory.com
888,citi.com
889,alexa.com
890,umd.edu
891,media.net
892,hexun.com
893,mookie1.com
894,joomla.org
895,metro.co.uk
896,gotowebinar.com
897,liveleak.com
898,adoptapet.com
899,xing.com
900,unity3d.com
901,elbalad.news
902,foxbusiness.com
903,jiathis.com
904,ensonhaber.com
905,fao.org
906,poshmark.com
907,mercadolibre.com.ar
908,ucsd.edu
909,seattletimes.com
910,si.edu
911,study.com
912,nikkei.com
913,toutiao.com
914,lifehacker.com
915,1337x.to
916,dostor.org
917,today.com
918,ziprecruiter.com
919,cheezburger.com
920,webex.com
921,espncricinfo.com
922,express.co.uk
923,youporn.com
924,harborfreight.com
925,imageshack.us
926,angelfire.com
927,huawei.com
928,imrworldwide.com
929,ssl-images-amazon.com
930,qvc.com
931,boston.com
932,firefox.com
933,vmware.com
934,marca.com
935,nr-data.net
936,united.com
937,orange.fr
938,xbox.com
939,chegg.com
940,w55c.net
941,food.com
942,medicinenet.com
943,ea.com
944,horoscope.com
945,acs.org
946,lyft.com
947,trendingnow.video
948,weforum.org
949,wordreference.com
950,pexels.com
951,pulzo.com
952,pcmag.com
953,macys.com
954,census.gov
955,mercari.com
956,asu.edu
957,adsymptotic.com
958,1rx.io
959,gunbroker.com
960,apachefriends.org
961,aboutcookies.org
962,omtrdc.net
963,mixpanel.com
964,ecosia.org
965,hotmail.com
966,arizona.edu
967,kapanlagi.com
968,thebalance.com
969,mzstatic.com
970,dedecms.com
971,atlasobscura.com
972,senate.gov
973,tractorsupply.com
974,zippyshare.com
975,naukri.com
976,starbucks.com
977,zerohedge.com
978,hm.com
979,unc.edu
980,digitaltrends.com
981,tasty.co
982,northwestern.edu
983,postgresql.org
984,fontawesome.com
985,optimizely.com
986,sakura.ne.jp
987,java.com
988,comcast.net
989,zappos.com
990,sec.gov
991,wsbtv.com
992,herokuapp.com
993,jhu.edu
994,pnas.org
995,googleblog.com
996,afternic.com
997,indiamart.com
998,bitnami.com
999,mercadolibre.com.mx
1000,banvenez.com
1001,ria.ru
1002,lijit.com
1003,theglobeandmail.com
1004,pcworld.com
1005,themeisle.com
1006,utoronto.ca
1007,openstreetmap.org
1008,tiktok.com
1009,contextweb.com
1010,myworkdayjobs.com
1011,scuseami.net
1012,gap.com
1013,nownews.com
1014,ebc.net.tw
1015,azure.com
1016,about.me
1017,sitescout.com
1018,colorado.edu
1019,gettyimages.com
1020,battle.net
1021,motor1.com
1022,divar.ir
1023,abc15.com
1024,siemens.com
1025,billboard.com
1026,sears.com
1027,apartmenttherapy.com
1028,thedailybeast.com
1029,canada.ca
1030,leagueoflegends.com
1031,rediff.com
1032,zing.vn
1033,ninisite.com
1034,alternativenation.net
1035,sky.com
1036,lg.com
1037,spankbang.com
1038,self.com
1039,costco.com
1040,slashdot.org
1041,thenextweb.com
1042,bu.edu
1043,appspot.com
1044,upwork.com
1045,infobae.com
1046,kakao.com
1047,irctc.co.in
1048,gmx.net
1049,truste.com
1050,pastebin.com
1051,fbsbx.com
1052,gismeteo.ru
1053,buydomains.com
1054,hurriyet.com.tr
1055,vnexpress.net
1056,newscientist.com
1057,bls.gov
1058,thegrio.com
1059,google.ro
1060,fitbit.com
1061,delish.com
1062,atdmt.com
1063,fedoraproject.org
1064,siriusxm.com
1065,ouedkniss.com
1066,lemonde.fr
1067,cntv.cn
1068,bitbucket.org
1069,thoughtco.com
1070,rutgers.edu
1071,ustream.tv
1072,ihg.com
1073,gsmarena.com
1074,wp.me
1075,weather.gov
1076,patheos.com
1077,cnnindonesia.com
1078,pcgamer.com
1079,xe.com
1080,usa.gov
1081,openssl.org
1082,venturebeat.com
1083,virginia.edu
1084,atlassian.com
1085,joinhoney.com
1086,pewresearch.org
1087,usaa.com
1088,cnnic.cn
1089,dallasnews.com
1090,coursehero.com
1091,ultimate-guitar.com
1092,dhs.gov
1093,stremanp.com
1094,td.com
1095,bestblackfriday.com
1096,osu.edu
1097,crunchyroll.com
1098,dmoz.org
1099,tamu.edu
1100,boingboing.net
1101,wufoo.com
1102,onet.pl
1103,itu.int
1104,livestream.com
1105,scmp.com
1106,taleo.net
1107,zemanta.com
1108,foodnetwork.com
1109,ford.com
1110,mydailymagazine.com
1111,simpli.fi
1112,ucdavis.edu
1113,gartner.com
1114,roku.com
1115,ew.com
1116,enable-javascript.com
1117,tutorialspoint.com
1118,duolingo.com
1119,medlineplus.gov
1120,nhk.or.jp
1121,mitre.org
1122,expressvpn.com
1123,trustarc.com
1124,globalsign.com
1125,rottentomatoes.com
1126,smartadserver.com
1127,technologyreview.com
1128,thethings.com
1129,stripe.com
1130,freebsd.org
1131,last.fm
1132,google.nl
1133,windowscentral.com
1134,w.org
1135,ebay.com.au
1136,zol.com.cn
1137,pandora.com
1138,garmin.com
1139,discovery.com
1140,inquirer.net
1141,sputniknews.com
1142,spectrum.net
1143,newegg.com
1144,docusign.net
1145,thetimes.co.uk
1146,bidr.io
1147,81.cn
1148,mi.com
1149,in.gr
1150,secureserver.net
1151,agoda.com
1152,adobedtm.com
1153,drupal.org
1154,shareasale-analytics.com
1155,hatenablog.com
1156,repubblica.it
1157,smithsonianmag.com
1158,popads.net
1159,cnzz.com
1160,finance101.com
1161,creditkarma.com
1162,tencent.com
1163,tracfone.com
1164,souq.com
1165,mckinsey.com
1166,iana.org
1167,getbootstrap.com
1168,businessweek.com
1169,rei.com
1170,ubc.ca
1171,nokia.com
1172,discogs.com
1173,kaspersky.com
1174,rfihub.com
1175,t-online.de
1176,cbs.com
1177,kernel.org
1178,popculture.com
1179,google.co.ve
1180,onenote.net
1181,myway.com
1182,archives.gov
1183,docker.com
1184,yandex.com
1185,techtarget.com
1186,livedoor.jp
1187,aljazeera.com
1188,branch.io
1189,zomato.com
1190,outsideonline.com
1191,dropboxusercontent.com
1192,moneycontrol.com
1193,ticketmaster.com
1194,dailywire.com
1195,nintendo.com
1196,gq.com
1197,comodoca.com
1198,sap.com
1199,wa.gov
1200,tremorhub.com
1201,spb.ru
1202,medallia.com
1203,beytoote.com
1204,indiana.edu
1205,disney.com
1206,uspto.gov
1207,semanticscholar.org
1208,go-mpulse.net
1209,atlassian.net
1210,hatena.ne.jp
1211,udn.com
1212,delta.com
1213,sportbible.com
1214,namasha.com
1215,kissanime.ru
1216,blizzard.com
1217,focus.cn
1218,udel.edu
1219,namecheap.com
1220,list-manage1.com
1221,jsdelivr.net
1222,hyatt.com
1223,goo.ne.jp
1224,maxpreps.com
1225,adweek.com
1226,yourdictionary.com
1227,eff.org
1228,theregister.co.uk
1229,bostonglobe.com
1230,serving-sys.com
1231,discord.gg
1232,beenverified.com
1233,staples.com
1234,google.ch
1235,otvfoco.com.br
1236,win-rar.com
1237,biblegateway.com
1238,000webhostapp.com
1239,proofpoint.com
1240,alodokter.com
1241,popsugar.com
1242,telegram.me
1243,lefigaro.fr
1244,nhl.com
1245,usertrust.com
1246,good.is
1247,glamour.com
1248,wp.pl
1249,dmm.co.jp
1250,cox.net
1251,frontier.com
1252,thawte.com
1253,libero.it
1254,medscape.com
1255,ulta.com
1256,fool.com
1257,ancestry.com
1258,creativecdn.com
1259,hhs.gov
1260,pitchfork.com
1261,mcafee.com
1262,yandex.net
1263,envato.com
1264,sonhoo.com
1265,google.com.pk
1266,nymag.com
1267,123rf.com
1268,amazon.com.mx
1269,delicious.com
1270,redbubble.com
1271,stuff.co.nz
1272,mathrubhumi.com
1273,kaskus.co.id
1274,symcd.com
1275,walgreens.com
1276,apartments.com
1277,as.com
1278,audible.com
1279,uscis.gov
1280,lync.com
1281,namu.wiki
1282,9to5mac.com
1283,n11.com
1284,eset.com
1285,jamanetwork.com
1286,seeitlive.co
1287,qoo10.sg
1288,wildberries.ru
1289,christianpost.com
1290,gallup.com
1291,opensource.org
1292,yolasite.com
1293,typekit.net
1294,grandhost.pl
1295,com.com
1296,4shared.com
1297,netdna-ssl.com
1298,americascardroom.eu
1299,mopub.com
1300,chess.com
1301,shein.com
1302,mixcloud.com
1303,findlaw.com
1304,nflxvideo.net
1305,dafont.com
1306,wikidot.com
1307,cnki.net
1308,iasds01.com
1309,google.co.za
1310,cuny.edu
1311,lowes.com
1312,lego.com
1313,linksynergy.com
1314,me.com
1315,jamnews.com
1316,sarkariresult.com
1317,basketball-reference.com
1318,wustl.edu
1319,uptodown.com
1320,zazzle.com
1321,prweb.com
1322,worthpoint.com
1323,att.net
1324,staticflickr.com
1325,flashtalking.com
1326,utah.edu
1327,bobshideout.com
1328,uselnk.com
1329,fbi.gov
1330,justice.gov
1331,mheducation.com
1332,phpbb.com
1333,narod.ru
1334,makeuseof.com
1335,pixiv.net
1336,quantcount.com
1337,m.me
1338,sc-cdn.net
1339,amd.com
1340,cbr.com
1341,eastmoney.com
1342,texas.gov
1343,eksisozluk.com
1344,kompasiana.com
1345,91jm.com
1346,heart.org
1347,libsyn.com
1348,tinypic.com
1349,kde.org
1350,acm.org
1351,coinmarketcap.com
1352,kakaku.com
1353,media-amazon.com
1354,teespring.com
1355,bild.de
1356,gitlab.com
1357,navy.mil
1358,oxfordjournals.org
1359,web.de
1360,nfl.com
1361,dreamstime.com
1362,popularmechanics.com
1363,bigcartel.com
1364,dot.gov
1365,buff.ly
1366,evidon.com
1367,nutaku.net
1368,google.be
1369,consensu.org
1370,pitt.edu
1371,icann.org
1372,cancer.org
1373,flic.kr
1374,onesignal.com
1375,ads-twitter.com
1376,faqs.org
1377,businessinsider.de
1378,ncsu.edu
1379,googleapis.com
1380,avg.com
1381,intoday.in
1382,philips.com
1383,ap.org
1384,crimeonline.com
1385,zaloapp.com
1386,privacyshield.gov
1387,bathandbodyworks.com
1388,google.cl
1389,hc360.com
1390,shutterfly.com
1391,g.co
1392,leboncoin.fr
1393,google.dz
1394,bluehost.com
1395,nsw.gov.au
1396,eyeota.net
1397,ey.com
1398,rfc-editor.org
1399,kroger.com
1400,nejm.org
1401,redtube.com
1402,rs6.net
1403,thelancet.com
1404,amazontrust.com
1405,snopes.com
1406,clicktripz.com
1407,trulia.com
1408,colorlib.com
1409,azurewebsites.net
1410,chartbeat.net
1411,500px.com
1412,stickyadstv.com
1413,nj.com
1414,moz.com
1415,king.com
1416,seznam.cz
1417,accenture.com
1418,rutracker.org
1419,musical.ly
1420,amctheatres.com
1421,elmundo.es
1422,mic.com
1423,mileroticos.com
1424,rarbg.to
1425,bleacherreport.com
1426,nyc.gov
1427,smugmug.com
1428,umblr.com
1429,wowhead.com
1430,pippio.com
1431,prothomalo.com
1432,slickdeals.net
1433,bancodevenezuela.com
1434,dailynews.com
1435,adidas.com
1436,news18.com
1437,rxlist.com
1438,vrbo.com
1439,relieved.co
1440,asahi.com
1441,gearbest.com
1442,slader.com
1443,mfadsrvr.com
1444,scuolafilottrano.edu.it
1445,fivethirtyeight.com
1446,samsungapps.com
1447,elwatannews.com
1448,autotrader.com
1449,tomshardware.com
1450,perl.org
1451,amazon.sa
1452,jotform.com
1453,creditonebank.com
1454,google.com.co
1455,progressive.com
1456,novell.com
1457,applovin.com
1458,ballotpedia.org
1459,flurry.com
1460,ucsb.edu
1461,rbc.ru
1462,360yield.com
1463,zara.com
1464,dpreview.com
1465,welt.de
1466,edgesuite.net
1467,ethz.ch
1468,lastpass.com
1469,thestar.com
1470,icloud-content.com
1471,gamer.com.tw
1472,cvent.com
1473,sony.com
1474,ucl.ac.uk
1475,gumgum.com
1476,nexusmods.com
1477,googlezip.net
1478,indiatoday.in
1479,lenta.ru
1480,ibtimes.com
1481,pchome.com.tw
1482,sharethrough.com
1483,automattic.com
1484,catchpoint.com
1485,ssrn.com
1486,iheart.com
1487,grubhub.com
1488,cia.gov
1489,disneyplus.com
1490,3dmgame.com
1491,nordstrom.com
1492,hepsiburada.com
1493,pwc.com
1494,myworkday.com
1495,nationalinterest.org
1496,themegrill.com
1497,licdn.com
1498,aa.com
1499,spectrum.com
1500,pinterest.ca
1501,gutenberg.org
1502,tempo.co
1503,wondershare.com
1504,aminoapps.com
1505,flaticon.com
1506,cnbcindonesia.com
1507,homeadvisor.com
1508,minecraft.net
1509,msecnd.net
1510,hawaii.edu
1511,olx.ua
1512,usembassy.gov
1513,thehindu.com
1514,verizonwireless.com
1515,japanpost.jp
1516,umeng.com
1517,timeout.com
1518,aliyuncs.com
1519,edx.org
1520,congress.gov
1521,greenpeace.org
1522,unicef.org
1523,directexpose.com
1524,ovh.net
1525,chartbeat.com
1526,shopee.co.id
1527,alwafd.news
1528,lifo.gr
1529,fifa.com
1530,ivi.ru
1531,emxdgt.com
1532,fast.com
1533,douyu.com
1534,hindustantimes.com
1535,wholefoodsmarket.com
1536,careerbuilder.com
1537,indiewire.com
1538,advanceautoparts.com
1539,yumpu.com
1540,depositphotos.com
1541,astrology.com
1542,cabelas.com
1543,forever21.com
1544,lun.com
1545,elle.com
1546,cpan.org
1547,emol.com
1548,www.nhs.uk
1549,justdial.com
1550,jw.org
1551,energy.gov
1552,dbs.com.sg
1553,ouo.io
1554,liadm.com
1555,brown.edu
1556,blogspot.ca
1557,teacherspayteachers.com
1558,tufts.edu
1559,msocsp.com
1560,fcc.gov
1561,potterybarn.com
1562,voanews.com
1563,gyazo.com
1564,pnc.com
1565,trendyol.com
1566,xiaomi.com
1567,trafficmanager.net
1568,service-now.com
1569,brilio.net
1570,zerodha.com
1571,bttrack.com
1572,scoop.it
1573,ed.ac.uk
1574,google.com.pe
1575,army.mil
1576,2345.com
1577,victoriassecret.com
1578,homestead.com
1579,geico.com
1580,seekingalpha.com
1581,statefarm.com
1582,rezka.ag
1583,vt.edu
1584,menshealth.com
1585,it168.com
1586,milliyet.com.tr
1587,clevelandclinic.org
1588,euronews.com
1589,nbc.com
1590,softpedia.com
1591,google.az
1592,is.gd
1593,coldwellbankerhomes.com
1594,bhg.com
1595,deepl.com
1596,wxyz.com
1597,google.at
1598,bestreviews.guide
1599,allrecipes.com
1600,kbb.com
1601,strava.com
1602,msdn.com
1603,efu.com.cn
1604,thedrive.com
1605,sina.cn
1606,e2ro.com
1607,xboxlive.com
1608,caltech.edu
1609,adobe.io
1610,gmu.edu
1611,ehow.com
1612,olympic.org
1613,digitalspy.com
1614,gatech.edu
1615,liftoff.io
1616,filimo.com
1617,panasonic.com
1618,caixa.gov.br
1619,biglobe.ne.jp
1620,dcard.tw
1621,mozilla.net
1622,yts.lt
1623,cygwin.com
1624,trend-chaser.com
1625,yahoodns.net
1626,accor.com
1627,hubpages.com
1628,weblio.jp
1629,activebeat.com
1630,klix.ba
1631,shopee.tw
1632,withgoogle.com
1633,therealdeal.com
1634,lotterypost.com
1635,104.com.tw
1636,manta.com
1637,streamable.com
1638,upi.com
1639,zimbio.com
1640,videolan.org
1641,000webhost.com
1642,amazon.com.br
1643,viber.com
1644,gearpatrol.com
1645,cc.com
1646,haofang.net
1647,mcdonalds.com
1648,aaa.com
1649,nicsorts-accarade.com
1650,woocommerce.com
1651,eurekalert.org
1652,betrad.com
1653,4chan.org
1654,appcenter.ms
1655,americanas.com.br
1656,naver.jp
1657,citrix.com
1658,csmonitor.com
1659,myfitnesspal.com
1660,tribalfusion.com
1661,myanimelist.net
1662,cancer.gov
1663,lnks.gd
1664,vanguard.com
1665,cri.cn
1666,georgetown.edu
1667,lww.com
1668,computerworld.com
1669,mawdoo3.com
1670,xhamsterlive.com
1671,ibb.co
1672,globalnews.ca
1673,saturdaydownsouth.com
1674,sweetandsavory.co
1675,imf.org
1676,infowars.com
1677,bugsnag.com
1678,haxx.se
1679,moodle.org
1680,nielsen.com
1681,redbull.com
1682,colostate.edu
1683,banggood.com
1684,mathway.com
1685,curbed.com
1686,tiny.cc
1687,paypal.me
1688,olx.com.br
1689,samsungcloud.com
1690,gmanetwork.com
1691,neimanmarcus.com
1692,impress.co.jp
1693,remax.com
1694,thomsonreuters.com
1695,sophos.com
1696,heise.de
1697,irishtimes.com
1698,hbo.com
1699,ytmp3.cc
1700,reference.com
1701,makemytrip.com
1702,pstatp.com
1703,beliefnet.com
1704,stubhub.com
1705,ebscohost.com
1706,iyiou.com
1707,yts.mx
1708,xda-developers.com
1709,mac.com
1710,3gppnetwork.org
1711,blogspot.de
1712,openldap.org
1713,narcity.com
1714,wtop.com
1715,vulture.com
1716,collegeboard.org
1717,admin.ch
1718,utorrent.com
1719,sznews.com
1720,hgtv.com
1721,adroll.com
1722,indianexpress.com
1723,app.link
1724,chsi.com.cn
1725,technorati.com
1726,redcross.org
1727,examiner.com
1728,scholastic.com
1729,tutsplus.com
1730,gamersky.com
1731,nasdaq.com
1732,alltrails.com
1733,azlyrics.com
1734,oregonstate.edu
1735,farfetch.com
1736,dhgate.com
1737,flipboard.com
1738,warnerbros.com
1739,securityfocus.com
1740,ctrip.com
1741,unl.edu
1742,deezer.com
1743,miamiherald.com
1744,allmusic.com
1745,google.com.my
1746,mnn.com
1747,brookings.edu
1748,freelancer.com
1749,mcgill.ca
1750,angieslist.com
1751,brightcove.net
1752,uga.edu
1753,enimerotiko.gr
1754,osskanger.com
1755,weibo.cn
1756,ssa.gov
1757,law.com
1758,wikibooks.org
1759,observer.com
1760,nordstromrack.com
1761,podbean.com
1762,olx.pl
1763,frontiersin.org
1764,mtv.com
1765,doyouremember.com
1766,bolasport.com
1767,ubisoft.com
1768,techrepublic.com
1769,slashfilm.com
1770,sadsecz.com
1771,abc.es
1772,standard.co.uk
1773,globalsign.net
1774,uiowa.edu
1775,adobelogin.com
1776,amap.com
1777,chevrolet.com
1778,dol.gov
1779,memurlar.net
1780,teenvogue.com
1781,reason.com
1782,liveinternet.ru
1783,webnode.com
1784,digitru.st
1785,kitco.com
1786,axisbank.co.in
1787,cheapoair.com
1788,uscourts.gov
1789,storify.com
1790,corriere.it
1791,meaww.com
1792,doodle.com
1793,crunchbase.com
1794,t.cn
1795,hh.ru
1796,tidaltv.com
1797,mdpi.com
1798,msi.com
1799,artstation.com
1800,sozcu.com.tr
1801,britishcouncil.org
1802,signupgenius.com
1803,express.com
1804,gimp.org
1805,createjs.com
1806,thingiverse.com
1807,prestashop.com
1808,abril.com.br
1809,oregonlive.com
1810,cosmopolitan.com
1811,myvisualiq.net
1812,goal.com
1813,renren.com
1814,kooora.com
1815,schwab.com
1816,reverbnation.com
1817,pgatour.com
1818,strikingly.com
1819,openoffice.org
1820,coupang.com
1821,bodybuilding.com
1822,google.pt
1823,thrillist.com
1824,logitech.com
1825,popsci.com
1826,digital.com
1827,click2houston.com
1828,bund.de
1829,rd.com
1830,brightcove.com
1831,vanderbilt.edu
1832,wsu.edu
1833,discover.com
1834,byu.edu
1835,iastate.edu
1836,cengage.com
1837,rochester.edu
1838,ryanair.com
1839,sapo.pt
1840,us.org
1841,ce.cn
1842,metacritic.com
1843,zhaopin.com
1844,animeflv.net
1845,t-mobile.com
1846,mystrikingly.com
1847,codepen.io
1848,readthedocs.io
1849,adblockplus.org
1850,kiplinger.com
1851,japantimes.co.jp
1852,nur.kz
1853,abcactionnews.com
1854,livedoor.com
1855,tiktokcdn.com
1856,wideopeneats.com
1857,healthcare.gov
1858,livescore.com
1859,dillards.com
1860,carsandmiles.com
1861,liansuo.com
1862,gocomics.com
1863,yeniakit.com.tr
1864,informer.com
1865,gotomeeting.com
1866,city-data.com
1867,blackfriday.com
1868,gpo.gov
1869,globenewswire.com
1870,petapixel.com
1871,nobelprize.org
1872,motorsport.com
1873,ibicn.com
1874,codecademy.com
1875,buffer.com
1876,clarin.com
1877,1drv.ms
1878,jooble.org
1879,vidio.com
1880,epochtimes.com
1881,umass.edu
1882,byteoversea.com
1883,iherb.com
1884,virginia.gov
1885,subway.com
1886,aksam.com.tr
1887,sc-jpl.com
1888,ceconline.com
1889,straitstimes.com
1890,cnsnews.com
1891,itv.com
1892,soup.io
1893,justia.com
1894,directv.com
1895,ccc.de
1896,4399.com
1897,nationalreview.com
1898,gwu.edu
1899,foreignpolicy.com
1900,theadvocate.com
1901,dailybrandstory.com
1902,neilpatel.com
1903,thegatewaypundit.com
1904,chip.de
1905,undp.org
1906,tianqi.com
1907,dmm.com
1908,ucoz.ru
1909,interia.pl
1910,offers.com
1911,travelocity.com
1912,nzherald.co.nz
1913,crazyegg.com
1914,socdm.com
1915,petsmart.com
1916,ml314.com
1917,owneriq.net
1918,uniqlo.com
1919,biglots.com
1920,prnt.sc
1921,perl.com
1922,here.com
1923,babycenter.com
1924,thetruthaboutguns.com
1925,tvguide.com
1926,skimresources.com
1927,broadwayworld.com
1928,boc.cn
1929,riotgames.com
1930,cloudinary.com
1931,apkpure.com
1932,baltimoresun.com
1933,uzone.id
1934,adgrx.com
1935,ozon.ru
1936,canon.com
1937,gusuwang.com
1938,xkcd.com
1939,helpshift.com
1940,calameo.com
1941,fsu.edu
1942,made-in-china.com
1943,bloglovin.com
1944,iop.org
1945,ctvnews.ca
1946,lycos.com
1947,humblebundle.com
1948,athemes.com
1949,af.mil
1950,drom.ru
1951,rokna.net
1952,jcpenney.com
1953,blackberry.com
1954,cafepress.com
1955,toyota.com
1956,360doc.com
1957,trendmicro.com
1958,freshdesk.com
1959,eventbrite.co.uk
1960,serconmp.com
1961,wikisource.org
1962,bankmellat.ir
1963,shmoop.com
1964,paytm.com
1965,workouttomorrow.com
1966,home.blog
1967,asana.com
1968,lendingtree.com
1969,monster.com
1970,subscene.com
1971,everydayhealth.com
1972,xero.com
1973,moatpixel.com
1974,wikibuy.com
1975,netmng.com
1976,ticketweb.com
1977,dropboxapi.com
1978,ring.com
1979,rockstargames.com
1980,myntra.com
1981,manyvids.com
1982,cyol.com
1983,ih5.cn
1984,acehardware.com
1985,windowsphone.com
1986,cell.com
1987,ptt.cc
1988,cnbeta.com
1989,hpe.com
1990,ycombinator.com
1991,usf.edu
1992,urdupoint.com
1993,hwcdn.net
1994,dailystar.co.uk
1995,ico.org.uk
1996,phicdn.net
1997,freewebs.com
1998,addthisedge.com
1999,google.ae
2000,dartsearch.net
2001,exoclick.com
2002,fazenda.gov.br
2003,pearsoned.com
2004,tributes.com
2005,hardened-php.net
2006,fema.gov
2007,news.cn
2008,isc.org
2009,freejobalert.com
2010,vine.co
2011,dawn.com
2012,sharethis.com
2013,stockx.com
2014,vatican.va
2015,namebright.com
2016,shape.com
2017,aka.ms
2018,arduino.cc
2019,nifty.com
2020,coe.int
2021,pixlr.com
2022,buffalo.edu
2023,dartmouth.edu
2024,michaels.com
2025,autoblog.com
2026,livemint.com
2027,google.com.ph
2028,insightexpressai.com
2029,wired.co.uk
2030,cracked.com
2031,esquire.com
2032,raspberrypi.org
2033,6pm.com
2034,realsimple.com
2035,thecinemaholic.com
2036,skysports.com
2037,biography.com
2038,westelm.com
2039,calendly.com
2040,rundsp.com
2041,bulbagarden.net
2042,hamariweb.com
2043,baseball-reference.com
2044,blogspot.com.es
2045,bt.com
2046,motorola.com
2047,alot.com
2048,kaiserpermanente.org
2049,tabelog.com
2050,wizards.com
2051,snapads.com
2052,caranddriver.com
2053,tiqcdn.com
2054,coupons.com
2055,flightradar24.com
2056,weather.com.cn
2057,uu.nl
2058,almanac.com
2059,dhl.com
2060,kahoot.it
2061,clickfunnels.com
2062,chosun.com
2063,uoregon.edu
2064,game-mode.net
2065,mercadolibre.com.ve
2066,segment.io
2067,dcinside.com
2068,isnssdk.com
2069,channel4.com
2070,donga.com
2071,zadn.vn
2072,sfu.ca
2073,banesconline.com
2074,yieldmo.com
2075,malwarebytes.com
2076,androidauthority.com
2077,mozaws.net
2078,kotaku.com
2079,parentztalk.com
2080,celtra.com
2081,huffingtonpost.co.uk
2082,zeit.de
2083,itch.io
2084,worldcat.org
2085,ebay.it
2086,bell-labs.com
2087,stackadapt.com
2088,mos.ru
2089,docusign.com
2090,architecturaldigest.com
2091,usmagazine.com
2092,worldofwarcraft.com
2093,tiktokv.com
2094,mandrillapp.com
2095,blogspot.fr
2096,frtyk.com
2097,crazygames.com
2098,reviewjournal.com
2099,levi.com
2100,dnevnik.ru
2101,shopee.vn
2102,codeplex.com
2103,kp.ru
2104,ksmobile.com
2105,reclameaqui.com.br
2106,worldation.com
2107,sourceware.org
2108,meituan.com
2109,oppomobile.com
2110,reverb.com
2111,boardgamegeek.com
2112,dalfak.com
2113,hrw.org
2114,fujitsu.com
2115,medicare.gov
2116,cntraveler.com
2117,sdpnoticias.com
2118,kijiji.ca
2119,usbank.com
2120,matterport.com
2121,yahoo.net
2122,consultant.ru
2123,fanbuzz.com
2124,academy.com
2125,git-scm.com
2126,wipo.int
2127,meraki.com
2128,ucsf.edu
2129,womenshealthmag.com
2130,turkiye.gov.tr
2131,online-convert.com
2132,lovetoknow.com
2133,miitbeian.gov.cn
2134,thebalancecareers.com
2135,onlyfans.com
2136,chinaz.com
2137,mofcom.gov.cn
2138,southcn.com
2139,rice.edu
2140,boutell.com
2141,unam.mx
2142,footprintdns.com
2143,france24.com
2144,braze.com
2145,theage.com.au
2146,al.com
2147,google.se
2148,joins.com
2149,esa.int
2150,baike.com
2151,wikiquote.org
2152,newsmax.com
2153,tacobell.com
2154,ipredictive.com
2155,symcb.com
2156,adhigh.net
2157,uwaterloo.ca
2158,nationalpost.com
2159,in.gov
2160,smashballoon.com
2161,lavanguardia.com
2162,geotrust.com
2163,bloomingdales.com
2164,nd.edu
2165,coinbase.com
2166,livestrong.com
2167,livechatinc.com
2168,searchengineland.com
2169,theblackfriday.com
2170,scdn.co
2171,unsw.edu.au
2172,billdesk.com
2173,districtm.io
2174,sonobi.com
2175,thestreet.com
2176,nairaland.com
2177,tripadvisor.co.uk
2178,bettycrocker.com
2179,androidpolice.com
2180,outbrainimg.com
2181,plex.tv
2182,kinogo.by
2183,indexww.com
2184,successfactors.com
2185,campaign-archive1.com
2186,gsu.edu
2187,hobbylobby.com
2188,boutell.co.uk
2189,focus.de
2190,smashingmagazine.com
2191,zalo.me
2192,correios.com.br
2193,amplitude.com
2194,sun-sentinel.com
2195,iu.edu
2196,17track.net
2197,biblehub.com
2198,ameritrade.com
2199,abebooks.com
2200,360.com
2201,royalbank.com
2202,cookpad.com
2203,americanthinker.com
2204,bookmyshow.com
2205,sc-prod.net
2206,lanacion.com.ar
2207,netdna-cdn.com
2208,jetbrains.com
2209,truthfinder.com
2210,ib-ibi.com
2211,metmuseum.org
2212,citationmachine.net
2213,wikispaces.com
2214,health.com
2215,pastemagazine.com
2216,dyntrk.com
2217,discuz.net
2218,whattoexpect.com
2219,goodhousekeeping.com
2220,dzwww.com
2221,eqxiu.com
2222,netgear.com
2223,alight.com
2224,ratemyprofessors.com
2225,campaign-archive2.com
2226,thebrighttag.com
2227,goodrx.com
2228,medicalxpress.com
2229,rackcdn.com
2230,friv.com
2231,faa.gov
2232,windowsazure.com
2233,uidai.gov.in
2234,timesonline.co.uk
2235,bzw315.com
2236,brainyquote.com
2237,gjirafa.com
2238,lulu.com
2239,smartsheet.com
2240,ilo.org
2241,itstillruns.com
2242,tunein.com
2243,yp.to
2244,pcbaby.com.cn
2245,deadline.com
2246,auth0.com
2247,squid-cache.org
2248,xianjichina.com
2249,thezoereport.com
2250,voot.com
2251,justanswer.com
2252,pof.com
2253,mpg.de
2254,wampserver.com
2255,tinder.com
2256,intentmedia.net
2257,lentainform.com
2258,cpic.com.cn
2259,newsday.com
2260,sabq.org
2261,shareasale.com
2262,dangdang.com
2263,iso.ch
2264,mapbox.com
2265,seriouseats.com
2266,avvo.com
2267,mynet.com
2268,ohio.gov
2269,33across.com
2270,storm.mg
2271,yadi.sk
2272,ccleaner.com
2273,nolo.com
2274,inquirer.com
2275,rsc.org
2276,sueddeutsche.de
2277,hindawi.com
2278,segment.com
2279,channelnewsasia.com
2280,pconline.com.cn
2281,bizographics.com
2282,proquest.com
2283,abc.com
2284,lua.org
2285,ualberta.ca
2286,okcupid.com
2287,socialblade.com
2288,nyaa.si
2289,smarturl.it
2290,eu.com
2291,stitcher.com
2292,nap.edu
2293,tableau.com
2294,blogs.com
2295,yjc.ir
2296,michigan.gov
2297,vividseats.com
2298,askubuntu.com
2299,plurk.com
2300,honda.com
2301,thisoldhouse.com
2302,straighttalk.com
2303,instacart.com
2304,list-manage2.com
2305,ncaa.com
2306,eurogamer.net
2307,gmarket.co.kr
2308,synchronycredit.com
2309,cricketwireless.com
2310,gaana.com
2311,thrtle.com
2312,pa.gov
2313,tsinghua.edu.cn
2314,jimdofree.com
2315,oath.com
2316,premierleague.com
2317,unrulymedia.com
2318,orbitz.com
2319,treasury.gov
2320,mass.gov
2321,andhrajyothy.com
2322,sonyentertainmentnetwork.com
2323,airfarewatchdog.com
2324,epfindia.gov.in
2325,mobile.de
2326,gazeta.ru
2327,segmentfault.com
2328,thedenverchannel.com
2329,zdn.vn
2330,sportzwiki.com
2331,anu.edu.au
2332,bestplaces.net
2333,ovh.com
2334,archiveofourown.org
2335,tynt.com
2336,urbanoutfitters.com
2337,crictracker.com
2338,rkdms.com
2339,petco.com
2340,dailyvoice.com
2341,blogspot.in
2342,uky.edu
2343,bigthink.com
2344,phpmyadmin.net
2345,kknews.cc
2346,azcentral.com
2347,turnitin.com
2348,pikabu.ru
2349,adition.com
2350,ubi.com
2351,avaz.ba
2352,hsn.com
2353,lynda.com
2354,mentalfloss.com
2355,pearson.com
2356,theculturetrip.com
2357,pku.edu.cn
2358,unity.com
2359,jiameng.com
2360,nerdwallet.com
2361,newstrend.news
2362,vseigru.net
2363,faz.net
2364,appcast.io
2365,sweepstakesalerts.com
2366,uservoice.com
2367,pngtree.com
2368,metacafe.com
2369,uh.edu
2370,gongchang.com
2371,mydrivers.com
2372,shimo.im
2373,bankrate.com
2374,domaintools.com
2375,realclearpolitics.com
2376,williams-sonoma.com
2377,kargo.com
2378,y8.com
2379,zhiding.cn
2380,foodandwine.com
2381,elcomercio.com
2382,tagged.com
2383,carid.com
2384,etoro.com
2385,dagospia.com
2386,argaam.com
2387,cern.ch
2388,purl.org
2389,papajohns.com
2390,treehugger.com
2391,digitalocean.com
2392,asriran.com
2393,msauth.net
2394,osha.gov
2395,seasonvar.ru
2396,cdbaby.com
2397,travelandleisure.com
2398,posterous.com
2399,terra.com.br
2400,3m.com
2401,uchi.ru
2402,google.org
2403,lse.ac.uk
2404,ucsc.edu
2405,sdamgia.ru
2406,hh010.com
2407,grammy.com
2408,box.net
2409,dyndns.org
2410,dezeen.com
2411,cwi.nl
2412,hrblock.com
2413,siemens.de
2414,ama-assn.org
2415,smartertravel.com
2416,indosport.com
2417,12306.cn
2418,wordhippo.com
2419,payu.in
2420,tass.ru
2421,weiyangx.com
2422,mathworks.com
2423,bufferapp.com
2424,huffingtonpost.ca
2425,allstate.com
2426,semasio.net
2427,oschina.net
2428,amnesty.org
2429,concursolutions.com
2430,kundelik.kz
2431,ecollege.com
2432,doxygen.nl
2433,gawker.com
2434,c-span.org
2435,lululemon.com
2436,altavista.com
2437,diigo.com
2438,libpng.org
2439,onmicrosoft.com
2440,adage.com
2441,fuq.com
2442,unimelb.edu.au
2443,sbs.com.au
2444,oreillyauto.com
2445,flashscore.com
2446,prom.ua
2447,frontgatetickets.com
2448,stripes.com
2449,miui.com
2450,tomsguide.com
2451,officedepot.com
2452,insider.com
2453,aol.de
2454,dsw.com
2455,doxygen.org
2456,acuityplatform.com
2457,sparknotes.com
2458,lnk.to
2459,amazon.com.au
2460,amtrak.com
2461,gulfnews.com
2462,nus.edu.sg
2463,eclipse.org
2464,clutchpoints.com
2465,covers.com
2466,cardinalcommerce.com
2467,jsonline.com
2468,spec.org
2469,bitmoji.com
2470,clickbank.net
2471,techspot.com
2472,philly.com
2473,skroutz.gr
2474,astrologyanswers.com
2475,utk.edu
2476,choicehotels.com
2477,elintransigente.com
2478,formstack.com
2479,csod.com
2480,jpost.com
2481,uptobox.com
2482,sba.gov
2483,business-standard.com
2484,adskeeper.co.uk
2485,hespress.com
2486,weedmaps.com
2487,missouri.edu
2488,mashed.com
2489,bedbathandbeyond.com
2490,visa.com
2491,acer.com
2492,onlamp.com
2493,ae.com
2494,wistia.com
2495,ekaie.com
2496,sketchup.com
2497,emirates.com
2498,heycould.com
2499,itstillworks.com
2500,zlib.net
2501,mxptint.net
2502,powerlinks.com
2503,hubspot.net
2504,haaretz.com
2505,moma.org
2506,kochava.com
2507,ukr.net
2508,uic.edu
2509,edublogs.org
2510,312168.com
2511,manualslib.com
2512,nation.co.ke
2513,gzip.org
2514,starwars.com
2515,thenation.com
2516,alnaharegypt.com
2517,google.hu
2518,aclu.org
2519,codecanyon.net
2520,hostgator.com
2521,zhcw.com
2522,temple.edu
2523,brealtime.com
2524,carmax.com
2525,fadskis.com
2526,yenisafak.com
2527,ali213.net
2528,nodejs.org
2529,srvtrck.com
2530,propublica.org
2531,about.google
2532,emojipedia.org
2533,zdf.de
2534,kinja.com
2535,googlepages.com
2536,amazon.jobs
2537,motherjones.com
2538,hbs.edu
2539,znanija.com
2540,bartleby.com
2541,electrek.co
2542,fashionnova.com
2543,atwola.com
2544,viglink.com
2545,blog.google
2546,ispot.tv
2547,house365.com
2548,google.co.il
2549,sjtu.edu.cn
2550,ohchr.org
2551,oculus.com
2552,youronlinechoices.eu
2553,blog.jp
2554,hud.gov
2555,imageshack.com
2556,independent.ie
2557,ec-lyon.fr
2558,pinterest.co.uk
2559,sixflags.com
2560,origin.com
2561,blog.com
2562,rockauto.com
2563,vungle.com
2564,rfi.fr
2565,ntdtv.com
2566,bleepingcomputer.com
2567,appboy.com
2568,celebspulse.com
2569,nexon.com
2570,sf-express.com
2571,leparisien.fr
2572,technoratimedia.com
2573,pewinternet.org
2574,yixiin.com
2575,si.com
2576,freep.com
2577,ultimateclassicrock.com
2578,newatlas.com
2579,parents.com
2580,dreamhost.com
2581,uefa.com
2582,npmjs.com
2583,diynetwork.com
2584,olymptrade.com
2585,twitpic.com
2586,safedog.cn
2587,mercantilbanco.com
2588,vectorstock.com
2589,thejakartapost.com
2590,jwplayer.com
2591,hk01.com
2592,citylab.com
2593,real.com
2594,cafe24.com
2595,banma.com
2596,lifehack.org
2597,archdaily.com
2598,ashleyfurniture.com
2599,illinois.gov
2600,ynet.co.il
2601,jetblue.com
2602,j.mp
2603,1tv.ru
2604,webdav.org
2605,vistaprint.com
2606,louisvuitton.com
2607,24h.com.vn
2608,runoob.com
2609,ebay.ca
2610,cmbchina.com
2611,flvto.biz
2612,mimecast.com
2613,suntimes.com
2614,tasteofhome.com
2615,memcached.org
2616,blogfa.com
2617,tvtropes.org
2618,11st.co.kr
2619,haberturk.com
2620,epwk.com
2621,uq.edu.au
2622,51job.com
2623,demon.co.uk
2624,zhibo8.cc
2625,rtve.es
2626,stltoday.com
2627,pch.com
2628,beeg.com
2629,morningpost.com.cn
2630,mo.gov
2631,icbc.com.cn
2632,icq.com
2633,fastcgi.com
2634,zougla.gr
2635,whatismyipaddress.com
2636,timeweb.ru
2637,pcgamesn.com
2638,active.com
2639,jpmorganchase.com
2640,dianping.com
2641,freetype.org
2642,126.com
2643,clinicaltrials.gov
2644,innovid.com
2645,mercola.com
2646,s-msn.com
2647,axisbank.com
2648,opensuse.org
2649,domdex.com
2650,linktr.ee
2651,internetdownloadmanager.com
2652,defense.gov
2653,collinsdictionary.com
2654,fadsims.com
2655,junwonsil.com
2656,imgflip.com
2657,sfchronicle.com
2658,sacbee.com
2659,familysearch.org
2660,akamai.com
2661,mastercard.com
2662,orf.at
2663,avira.com
2664,sleepycat.com
2665,nola.com
2666,basspro.com
2667,pantip.com
2668,gardeningknowhow.com
2669,sci-hub.tw
2670,58.com
2671,filehippo.com
2672,muscdn.com
2673,bookdepository.com
2674,britishairways.com
2675,skyrock.com
2676,39.net
2677,google.cz
2678,appier.net
2679,wyndhamhotels.com
2680,cna.com.tw
2681,hipwee.com
2682,510hr.com
2683,patagonia.com
2684,payscale.com
2685,inquisitr.com
2686,tahiamasr.com
2687,ucweb.com
2688,pressreader.com
2689,samsungosp.com
2690,fadsecs.com
2691,cargurus.com
2692,ets.org
2693,calculator.net
2694,laweekly.com
2695,theintercept.com
2696,hi.ru
2697,enterprise.com
2698,worldometers.info
2699,neobux.com
2700,rsasecurity.com
2701,s-microsoft.com
2702,rg.ru
2703,akstat.io
2704,aappublications.org
2705,afip.gob.ar
2706,moe.gov.cn
2707,pbskids.org
2708,theonion.com
2709,manchester.ac.uk
2710,counterpane.com
2711,creativemarket.com
2712,coolmathgames.com
2713,full30.com
2714,winshang.com
2715,researchnow.com
2716,ge.com
2717,bit.do
2718,ebay.fr
2719,sabah.com.tr
2720,eu.org
2721,v2ex.com
2722,emory.edu
2723,icims.com
2724,campingworld.com
2725,to8to.com
2726,aweber.com
2727,eventful.com
2728,enlightenment.org
2729,tsetmc.com
2730,eenadu.net
2731,fadsabs.com
2732,url.cn
2733,wonderhowto.com
2734,sohh.com
2735,hotjar.io
2736,techsmith.com
2737,ti.com
2738,service.gov.uk
2739,sfr.fr
2740,aljazeera.net
2741,salary.com
2742,fadsoks.com
2743,onlinevideoconverter.com
2744,g.page
2745,bitdefender.com
2746,sportsretriever.com
2747,famousfootwear.com
2748,mediawiki.org
2749,chinafloor.cn
2750,firebaseio.com
2751,fang.com
2752,kktv.com
2753,bola.net
2754,golfdigest.com
2755,campaign-archive.com
2756,wolfram.com
2757,uconn.edu
2758,xmlsoft.org
2759,postimg.org
2760,fadsips.com
2761,samsclub.com
2762,theaustralian.com.au
2763,grainger.com
2764,ora.com
2765,loopme.me
2766,qcloud.com
2767,rappler.com
2768,mlive.com
2769,apachelounge.com
2770,bahn.de
2771,unm.edu
2772,forgeofempires.com
2773,onelogin.com
2774,townhall.com
2775,nsf.gov
2776,ojooo.com
2777,s-msedge.net
2778,carvana.com
2779,hwg.org
2780,gothamist.com
2781,fadspms.com
2782,gogoanime.io
2783,smartasset.com
2784,arcot.com
2785,alamy.com
2786,wi.gov
2787,hopkinsmedicine.org
2788,itmedia.co.jp
2789,syr.edu
2790,sporx.com
2791,chinachugui.com
2792,gtmetrix.com
2793,sketchfab.com
2794,thestar.com.my
2795,ticketsatwork.com
2796,wassenaar.org
2797,xiami.com
2798,ebbp1.pro
2799,ijg.org
2800,squidoo.com
2801,lkqd.net
2802,kommersant.ru
2803,parentingisnteasy.co
2804,wolframalpha.com
2805,thepiratebay.wiki
2806,miami.edu
2807,oneindia.com
2808,springerlink.com
2809,accorhotels.com
2810,haoyer.com
2811,eia.gov
2812,zenfolio.com
2813,identrust.com
2814,ucr.edu
2815,serverwatch.com
2816,skyscanner.com
2817,commbank.com.au
2818,boxofficemojo.com
2819,timesofisrael.com
2820,popcash.net
2821,nest.com
2822,tradedoubler.com
2823,sonyliv.com
2824,cargocollective.com
2825,filezilla-project.org
2826,ubs.com
2827,orlandosentinel.com
2828,avcdn.net
2829,theweathernetwork.com
2830,modsecurity.org
2831,pelisplus.me
2832,northeastern.edu
2833,entrust.net
2834,pdflib.com
2835,fixya.com
2836,spreaker.com
2837,cbp.gov
2838,pier1.com
2839,clever.com
2840,blogspot.com.au
2841,codeproject.com
2842,centos.org
2843,sephora.com
2844,virustotal.com
2845,weheartit.com
2846,fudan.edu.cn
2847,7-zip.org
2848,cima4u.tv
2849,uc.cn
2850,cms.gov
2851,idnes.cz
2852,chinayigui.com
2853,msocdn.com
2854,nate.com
2855,yourbump.com
2856,mynavi.jp
2857,apache-ssl.org
2858,garena.com
2859,fadslims.com
2860,virtualbox.org
2861,thepaper.cn
2862,amarktflow.com
2863,truoptik.com
2864,vocabulary.com
2865,utah.gov
2866,dummies.com
2867,uhc.com
2868,opoxv.com
2869,fwmrm.net
2870,coindesk.com
2871,anjuke.com
2872,scotiabank.com
2873,xs4all.nl
2874,xunlei.com
2875,camonster.com
2876,u-tokyo.ac.jp
2877,cox.com
2878,pbase.com
2879,dream.co.id
2880,shopee.com.my
2881,bringatrailer.com
2882,furaffinity.net
2883,wenming.cn
2884,freetds.org
2885,baskino.me
2886,ccb.com
2887,cio.com
2888,wordplays.com
2889,newrepublic.com
2890,eluniverso.com
2891,autohome.com.cn
2892,foxsports.com
2893,ku.edu
2894,post-gazette.com
2895,hotmart.com
2896,pscp.tv
2897,overdrive.com
2898,note.com
2899,cleveland.com
2900,specbench.org
2901,ask.fm
2902,nflxext.com
2903,biblestudytools.com
2904,semrush.com
2905,pendo.io
2906,hotwire.com
2907,anandtech.com
2908,honeywell.com
2909,picclick.com
2910,36kr.com
2911,alternet.org
2912,rapidssl.com
2913,chromium.org
2914,cdn-apple.com
2915,yna.co.kr
2916,lexisnexis.com
2917,trivago.com
2918,jerusalemonline.com
2919,ansa.it
2920,nme.com
2921,tut.by
2922,elbotola.com
2923,experian.com
2924,geocities.jp
2925,networksolutions.com
2926,gazetaexpress.com
2927,onetrust.com
2928,3sk.co
2929,hupu.com
2930,tcgplayer.com
2931,lothar.com
2932,typekit.com
2933,chinanetrank.com
2934,myanmarload.com
2935,classiccars.com
2936,kizlarsoruyor.com
2937,revjet.com
2938,underarmour.com
2939,alaskaair.com
2940,so-net.ne.jp
2941,omnitagjs.com
2942,fas.org
2943,webthing.com
2944,babyschool.com.cn
2945,rapidshare.com
2946,mk.ru
2947,chinatimes.com
2948,cronolog.org
2949,sling.com
2950,dmv.org
2951,tubemogul.com
2952,wargaming.net
2953,gucci.com
2954,complex.com
2955,cointelegraph.com
2956,yespornplease.com
2957,supersonicads.com
2958,nalog.ru
2959,poki.com
2960,jb51.net
2961,rapidgator.net
2962,onlinedown.net
2963,federalreserve.gov
2964,wease.im
2965,gamestop.com
2966,mail.com
2967,easybib.com
2968,iplanet.com
2969,jcrew.com
2970,publix.com
2971,wistia.net
2972,mindbodyonline.com
2973,code.org
2974,mobafire.com
2975,ameba.jp
2976,kongregate.com
2977,federalregister.gov
2978,dytt8.net
2979,justsomething.co
2980,thedelite.com
2981,barclaycardus.com
2982,blabbermouth.net
2983,ct.gov
2984,mhlw.go.jp
2985,qpic.cn
2986,nflximg.net
2987,morningstar.com
2988,blender.org
2989,10news.com
2990,reservations.com
2991,recode.net
2992,ucf.edu
2993,taringa.net
2994,regmovies.com
2995,chinamenwang.com
2996,yodobashi.com
2997,crhoy.com
2998,westword.com
2999,alarabiya.net
3000,wikiwand.com
